{
  "new_reviews": {
    "min": 0.0,
    "q10": 3.0,
    "q50": 5.0,
    "q90": 7.0,
    "max": 13.0
  },
  "avg_rating": {
    "min": 3.679779231392749,
    "q10": 3.851202676972746,
    "q50": 4.238726813392747,
    "q90": 4.593701218844517,
    "max": 4.805203966150175
  },
  "sentiment_mean": {
    "min": 0.4916762136650627,
    "q10": 0.5709864840046579,
    "q50": 0.6017692299670832,
    "q90": 0.6309397546022731,
    "max": 0.6770499927465496
  },
  "search_interest": {
    "min": 25.43014865810229,
    "q10": 42.62203518249593,
    "q50": 47.68282503247745,
    "q90": 53.7818381099886,
    "max": 70.3187803294502
  },
  "buzz_score": {
    "min": 0.0,
    "q10": 16.736193708063432,
    "q50": 24.326535216006278,
    "q90": 33.71060935984514,
    "max": 60.37862671309416
  },
  "stock_status_score": {
    "min": 0.45,
    "q10": 1.0,
    "q50": 1.0,
    "q90": 1.0,
    "max": 1.0
  },
  "listing_change_score": {
    "min": 0.0,
    "q10": 0.0,
    "q50": 0.0,
    "q90": 0.0,
    "max": 1.0
  },
  "discount_pct": {
    "min": 0.0,
    "q10": 0.0,
    "q50": 4.762997906230368,
    "q90": 17.24720050627808,
    "max": 28.000000000000007
  },
  "rank_proxy": {
    "min": 1.0,
    "q10": 141.0,
    "q50": 265.0,
    "q90": 397.0,
    "max": 676.0
  },
  "bsr_category_rank": {
    "min": 213.0,
    "q10": 367.0,
    "q50": 461.0,
    "q90": 557.0,
    "max": 833.0
  },
  "price_competitiveness_index": {
    "min": 0.7810832712310138,
    "q10": 0.8955525349083568,
    "q50": 0.9745870808242931,
    "q90": 1.052715144596462,
    "max": 1.166279889613954
  },
  "competitor_count": {
    "min": 2.0,
    "q10": 4.0,
    "q50": 6.0,
    "q90": 8.0,
    "max": 10.0
  },
  "reviews_7d_sum": {
    "min": 2.0,
    "q10": 21.0,
    "q50": 33.0,
    "q90": 46.0,
    "max": 75.0
  },
  "search_7d_avg": {
    "min": 33.543126914593806,
    "q10": 43.40694810089678,
    "q50": 47.76559836294582,
    "q90": 52.344146364500695,
    "max": 60.856332761849295
  },
  "sentiment_7d_avg": {
    "min": 0.5550125605280091,
    "q10": 0.5832498700257526,
    "q50": 0.6018495260088805,
    "q90": 0.6184396557329952,
    "max": 0.6484267513566111
  },
  "price_7d_avg": {
    "min": 0.0,
    "q10": 0.0,
    "q50": 0.0,
    "q90": 0.0,
    "max": 0.0
  },
  "new_reviews_lag_1": {
    "min": 0.0,
    "q10": 3.0,
    "q50": 5.0,
    "q90": 7.0,
    "max": 13.0
  },
  "new_reviews_lag_7": {
    "min": 0.0,
    "q10": 0.0,
    "q50": 5.0,
    "q90": 7.0,
    "max": 13.0
  },
  "search_interest_lag_1": {
    "min": 0.0,
    "q10": 42.228276328311395,
    "q50": 47.61149784331852,
    "q90": 53.717122625806695,
    "max": 70.3187803294502
  },
  "search_interest_lag_7": {
    "min": 0.0,
    "q10": 28.624143393465662,
    "q50": 47.12347706514639,
    "q90": 53.28294659880969,
    "max": 70.3187803294502
  },
  "sentiment_mean_lag_1": {
    "min": 0.0,
    "q10": 0.5681655041613528,
    "q50": 0.6014332427316191,
    "q90": 0.6308714240688174,
    "max": 0.6770499927465496
  },
  "sentiment_mean_lag_7": {
    "min": 0.0,
    "q10": 0.5193514570772243,
    "q50": 0.5983815550231726,
    "q90": 0.6299993281001242,
    "max": 0.6770499927465496
  },
  "price_new_lag_1": {
    "min": 0.0,
    "q10": 0.0,
    "q50": 0.0,
    "q90": 0.0,
    "max": 0.0
  },
  "price_new_lag_7": {
    "min": 0.0,
    "q10": 0.0,
    "q50": 0.0,
    "q90": 0.0,
    "max": 0.0
  },
  "avg_rating_lag_1": {
    "min": 0.0,
    "q10": 3.8384641873653442,
    "q50": 4.234644827614068,
    "q90": 4.592149336909495,
    "max": 4.805203966150175
  },
  "avg_rating_lag_7": {
    "min": 0.0,
    "q10": 3.6907760506415572,
    "q50": 4.210976672120216,
    "q90": 4.583368606586758,
    "max": 4.805203966150175
  },
  "buzz_score_lag_1": {
    "min": 0.0,
    "q10": 15.807962051633565,
    "q50": 24.180683663155826,
    "q90": 33.63516486234241,
    "max": 60.37862671309416
  },
  "buzz_score_lag_7": {
    "min": 0.0,
    "q10": 0.0,
    "q50": 23.435179322178314,
    "q90": 32.68572320034274,
    "max": 60.37862671309416
  },
  "new_reviews_7d_sum": {
    "min": 2.0,
    "q10": 21.0,
    "q50": 33.0,
    "q90": 46.0,
    "max": 75.0
  },
  "new_reviews_7d_mean": {
    "min": 1.2857142857142858,
    "q10": 3.4285714285714284,
    "q50": 4.857142857142857,
    "q90": 6.714285714285714,
    "max": 10.714285714285714
  },
  "search_interest_7d_mean": {
    "min": 33.543126914593806,
    "q10": 43.40694810089678,
    "q50": 47.76559836294582,
    "q90": 52.344146364500695,
    "max": 60.856332761849295
  },
  "sentiment_mean_7d_mean": {
    "min": 0.5550125605280091,
    "q10": 0.5832498700257526,
    "q50": 0.6018495260088805,
    "q90": 0.6184396557329952,
    "max": 0.6484267513566111
  },
  "price_new_7d_mean": {
    "min": 0.0,
    "q10": 0.0,
    "q50": 0.0,
    "q90": 0.0,
    "max": 0.0
  },
  "price_new_7d_std": {
    "min": 0.0,
    "q10": 0.0,
    "q50": 0.0,
    "q90": 0.0,
    "max": 0.0
  },
  "buzz_score_7d_mean": {
    "min": 4.393335689665806,
    "q10": 18.194546579789183,
    "q50": 24.29090996875403,
    "q90": 31.19297279489018,
    "max": 43.07304928777037
  },
  "avg_rating_7d_mean": {
    "min": 3.6867100232191943,
    "q10": 3.853338382269845,
    "q50": 4.240561008662757,
    "q90": 4.592311731570889,
    "max": 4.795739501207318
  },
  "new_reviews_change": {
    "min": -7.0,
    "q10": -2.0,
    "q50": 0.0,
    "q90": 2.0,
    "max": 7.0
  },
  "new_reviews_momentum": {
    "min": -8.0,
    "q10": -3.0,
    "q50": 0.0,
    "q90": 3.0,
    "max": 11.0
  },
  "search_interest_change": {
    "min": -20.130424525410383,
    "q10": -5.068130279155204,
    "q50": 0.0,
    "q90": 5.1951113205014785,
    "max": 14.838721081209833
  },
  "search_interest_momentum": {
    "min": -28.79581734475034,
    "q10": -7.169361144861739,
    "q50": 0.0,
    "q90": 7.326484070266785,
    "max": 23.766732118059636
  },
  "sentiment_mean_change": {
    "min": -0.09994460382319093,
    "q10": -0.038284390383049795,
    "q50": 0.0,
    "q90": 0.0378212338419622,
    "max": 0.11277968906553076
  },
  "sentiment_mean_momentum": {
    "min": -0.1253453168711104,
    "q10": -0.0381298670435511,
    "q50": 0.0,
    "q90": 0.03866350094548239,
    "max": 0.12129935319640839
  },
  "price_new_change": {
    "min": 0.0,
    "q10": 0.0,
    "q50": 0.0,
    "q90": 0.0,
    "max": 0.0
  },
  "price_new_momentum": {
    "min": 0.0,
    "q10": 0.0,
    "q50": 0.0,
    "q90": 0.0,
    "max": 0.0
  },
  "avg_rating_change": {
    "min": -0.027549069613436394,
    "q10": -0.010243455187617378,
    "q50": -7.138631667613637e-05,
    "q90": 0.009912008240209066,
    "max": 0.026440792215816522
  },
  "avg_rating_momentum": {
    "min": -0.04932775727092853,
    "q10": -0.018014869443180315,
    "q50": 0.0,
    "q90": 0.016943018818352272,
    "max": 0.050759604032163175
  },
  "buzz_score_change": {
    "min": -30.278465917613516,
    "q10": -8.419533857966268,
    "q50": 0.0,
    "q90": 8.518992352381,
    "max": 24.42858687995752
  },
  "buzz_score_momentum": {
    "min": -40.30286353000383,
    "q10": -11.56505222895295,
    "q50": 0.0,
    "q90": 11.995547640602483,
    "max": 47.01554580055441
  },
  "day_of_week_num": {
    "min": 0.0,
    "q10": 0.0,
    "q50": 3.0,
    "q90": 6.0,
    "max": 6.0
  },
  "month_num": {
    "min": 1.0,
    "q10": 1.0,
    "q50": 2.0,
    "q90": 3.0,
    "max": 3.0
  },
  "health_index": {
    "min": 7.309593695948616,
    "q10": 12.393052661671941,
    "q50": 13.8633597984553,
    "q90": 17.087272396343558,
    "max": 27.04765681562996
  },
  "ad_index": {
    "min": 0.0,
    "q10": 3.3777728743688873,
    "q50": 4.967063819747455,