{
  "new_reviews": {
    "min": 0.0,
    "q10": 3.0,
    "q50": 5.0,
    "q90": 7.0,
    "max": 13.0
  },
  "avg_rating": {
    "min": 3.679779231392749,
    "q10": 3.8511590645040346,
    "q50": 4.238482348595046,
    "q90": 4.59388258263632,
    "max": 4.805203966150175
  },
  "sentiment_mean": {
    "min": 0.4916762136650627,
    "q10": 0.5709965982982003,
    "q50": 0.6017459089602635,
    "q90": 0.6309397546022731,
    "max": 0.6770499927465496
  },
  "search_interest": {
    "min": 25.43014865810229,
    "q10": 42.65331236594062,
    "q50": 47.70427921958058,
    "q90": 53.84624422856946,
    "max": 70.3187803294502
  },
  "buzz_score": {
    "min": 0.0,
    "q10": 16.754014317353093,
    "q50": 24.337434860861123,
    "q90": 33.72312756954999,
    "max": 60.37862671309416
  },
  "stock_status_score": {
    "min": 0.45,
    "q10": 1.0,
    "q50": 1.0,
    "q90": 1.0,
    "max": 1.0
  },
  "listing_change_score": {
    "min": 0.0,
    "q10": 0.0,
    "q50": 0.0,
    "q90": 0.0,
    "max": 1.0
  },
  "discount_pct": {
    "min": 0.0,
    "q10": 0.0,
    "q50": 4.84977501123882,
    "q90": 17.24720050627808,
    "max": 28.000000000000007
  },
  "rank_proxy": {
    "min": 1.0,
    "q10": 140.0,
    "q50": 264.0,
    "q90": 396.0,
    "max": 676.0
  },
  "bsr_category_rank": {
    "min": 213.0,
    "q10": 367.0,
    "q50": 460.0,
    "q90": 556.0,
    "max": 833.0
  },
  "price_competitiveness_index": {
    "min": 0.7810832712310138,
    "q10": 0.8955625366845241,
    "q50": 0.9744158564019059,
    "q90": 1.052688980889408,
    "max": 1.166279889613954
  },
  "competitor_count": {
    "min": 2.0,
    "q10": 4.0,
    "q50": 6.0,
    "q90": 8.0,
    "max": 10.0
  },
  "reviews_7d_sum": {
    "min": 2.0,
    "q10": 21.0,
    "q50": 33.0,
    "q90": 46.0,
    "max": 78.0
  },
  "search_7d_avg": {
    "min": 33.543126914593806,
    "q10": 43.440978489798205,
    "q50": 47.78302988539161,
    "q90": 52.355082587624594,
    "max": 60.856332761849295
  },
  "sentiment_7d_avg": {
    "min": 0.5550125605280091,
    "q10": 0.5832795589666705,
    "q50": 0.6018495260088805,
    "q90": 0.6183280065782503,
    "max": 0.6484267513566111
  },
  "price_7d_avg": {
    "min": 0.0,
    "q10": 0.0,
    "q50": 0.0,
    "q90": 0.0,
    "max": 0.0
  },
  "new_reviews_lag_1": {
    "min": 0.0,
    "q10": 3.0,
    "q50": 5.0,
    "q90": 7.0,
    "max": 13.0
  },
  "new_reviews_lag_7": {
    "min": 0.0,
    "q10": 0.0,
    "q50": 5.0,
    "q90": 7.0,
    "max": 13.0
  },
  "search_interest_lag_1": {
    "min": 0.0,
    "q10": 42.268568328880235,
    "q50": 47.62371370498244,
    "q90": 53.72061219519566,
    "max": 70.3187803294502
  },
  "search_interest_lag_7": {
    "min": 0.0,
    "q10": 30.02218512911367,
    "q50": 47.17128049754103,
    "q90": 53.33025020670137,
    "max": 70.3187803294502
  },
  "sentiment_mean_lag_1": {
    "min": 0.0,
    "q10": 0.5683666392624933,
    "q50": 0.6014332427316191,
    "q90": 0.6308386029470879,
    "max": 0.6770499927465496
  },
  "sentiment_mean_lag_7": {
    "min": 0.0,
    "q10": 0.5246308266839963,
    "q50": 0.5984474066470398,
    "q90": 0.6299993281001242,
    "max": 0.6770499927465496
  },
  "price_new_lag_1": {
    "min": 0.0,
    "q10": 0.0,
    "q50": 0.0,
    "q90": 0.0,
    "max": 0.0
  },
  "price_new_lag_7": {
    "min": 0.0,
    "q10": 0.0,
    "q50": 0.0,
    "q90": 0.0,
    "max": 0.0
  },
  "avg_rating_lag_1": {
    "min": 0.0,
    "q10": 3.8384115423246534,
    "q50": 4.234599810718865,
    "q90": 4.5924870048449,
    "max": 4.805203966150175
  },
  "avg_rating_lag_7": {
    "min": 0.0,
    "q10": 3.7015882394725357,
    "q50": 4.211534435470286,
    "q90": 4.584785797224493,
    "max": 4.805203966150175
  },
  "buzz_score_lag_1": {
    "min": 0.0,
    "q10": 15.814971635848552,
    "q50": 24.211758471546553,
    "q90": 33.6430044858244,
    "max": 60.37862671309416
  },
  "buzz_score_lag_7": {
    "min": 0.0,
    "q10": 0.0,
    "q50": 23.48805448696166,
    "q90": 32.83164936991328,
    "max": 60.37862671309416
  },
  "new_reviews_7d_sum": {
    "min": 2.0,
    "q10": 21.0,
    "q50": 33.0,
    "q90": 46.0,
    "max": 78.0
  },
  "new_reviews_7d_mean": {
    "min": 1.2857142857142858,
    "q10": 3.4285714285714284,
    "q50": 4.857142857142857,
    "q90": 6.714285714285714,
    "max": 11.142857142857142
  },
  "search_interest_7d_mean": {
    "min": 33.543126914593806,
    "q10": 43.440978489798205,
    "q50": 47.78302988539161,
    "q90": 52.355082587624594,
    "max": 60.856332761849295
  },
  "sentiment_mean_7d_mean": {
    "min": 0.5550125605280091,
    "q10": 0.5832795589666705,
    "q50": 0.6018495260088805,
    "q90": 0.6183280065782503,
    "max": 0.6484267513566111
  },
  "price_new_7d_mean": {
    "min": 0.0,
    "q10": 0.0,
    "q50": 0.0,
    "q90": 0.0,
    "max": 0.0
  },
  "price_new_7d_std": {
    "min": 0.0,
    "q10": 0.0,
    "q50": 0.0,
    "q90": 0.0,
    "max": 0.0
  },
  "buzz_score_7d_mean": {
    "min": 4.393335689665806,
    "q10": 18.210818027242972,
    "q50": 24.300906919324895,
    "q90": 31.19695914886375,
    "max": 43.07304928777037
  },
  "avg_rating_7d_mean": {
    "min": 3.6867100232191943,
    "q10": 3.8531402445356107,
    "q50": 4.240196759760281,
    "q90": 4.592483294056093,
    "max": 4.795739501207318
  },
  "new_reviews_change": {
    "min": -7.0,
    "q10": -2.0,
    "q50": 0.0,
    "q90": 2.0,
    "max": 7.0
  },
  "new_reviews_momentum": {
    "min": -10.0,
    "q10": -3.0,
    "q50": 0.0,
    "q90": 3.0,
    "max": 11.0
  },
  "search_interest_change": {
    "min": -20.130424525410383,
    "q10": -5.064851513183102,
    "q50": 0.0,
    "q90": 5.218074274909653,
    "max": 14.838721081209833
  },
  "search_interest_momentum": {
    "min": -28.79581734475034,
    "q10": -7.160095411378336,
    "q50": 0.0,
    "q90": 7.383405041425457,
    "max": 23.766732118059636
  },
  "sentiment_mean_change": {
    "min": -0.09994460382319093,
    "q10": -0.038260426648516234,
    "q50": 0.0,
    "q90": 0.037796809268502575,
    "max": 0.11277968906553076
  },
  "sentiment_mean_momentum": {
    "min": -0.1253453168711104,
    "q10": -0.03820299866303826,
    "q50": 0.0,
    "q90": 0.03866350094548239,
    "max": 0.12129935319640839
  },
  "price_new_change": {
    "min": 0.0,
    "q10": 0.0,
    "q50": 0.0,
    "q90": 0.0,
    "max": 0.0
  },
  "price_new_momentum": {
    "min": 0.0,
    "q10": 0.0,
    "q50": 0.0,
    "q90": 0.0,
    "max": 0.0
  },
  "avg_rating_change": {
    "min": -0.027549069613436394,
    "q10": -0.010234738637281282,
    "q50": -7.498898720470493e-05,
    "q90": 0.009870391230068389,
    "max": 0.026440792215816522
  },
  "avg_rating_momentum": {
    "min": -0.04932775727092853,
    "q10": -0.018004595896724273,
    "q50": 0.0,
    "q90": 0.016936215763610422,
    "max": 0.050759604032163175
  },
  "buzz_score_change": {
    "min": -30.278465917613516,
    "q10": -8.387840632341026,
    "q50": 0.0,
    "q90": 8.514728868987989,
    "max": 24.42858687995752
  },
  "buzz_score_momentum": {
    "min": -44.58890106908142,
    "q10": -11.504777939457517,
    "q50": 0.0,
    "q90": 11.995547640602483,
    "max": 47.01554580055441
  },
  "day_of_week_num": {
    "min": 0.0,
    "q10": 0.0,
    "q50": 3.0,
    "q90": 6.0,
    "max": 6.0
  },
  "month_num": {
    "min": 1.0,
    "q10": 1.0,
    "q50": 2.0,
    "q90": 3.0,
    "max": 3.0
  },
  "health_index": {
    "min": 7.309593695948616,
    "q10": 12.40076516127159,
    "q50": 13.871399424451377,
    "q90": 17.109515258585894,
    "max": 27.04765681562996
  },
  "ad_index": {
    "min": 0.0,
    "q10": 3.3785829720682714,
    "q50": 4.969898278361242,