{
  "new_reviews": {
    "mean": 5.089245585874799,
    "std": 1.9072396084670913,
    "min": 0.0,
    "max": 13.0,
    "q10": 3.0,
    "q50": 5.0,
    "q90": 7.0
  },
  "avg_rating": {
    "mean": 4.233510767013962,
    "std": 0.26697471272451184,
    "min": 3.660985001331951,
    "max": 4.805203966150175,
    "q10": 3.8466538051016608,
    "q50": 4.240685460372207,
    "q90": 4.595410667344465
  },
  "sentiment_mean": {
    "mean": 0.6008720800009676,
    "std": 0.02411378275574259,
    "min": 0.4811922485435581,
    "max": 0.6776006148331385,
    "q10": 0.5704208624261462,
    "q50": 0.6015844686843956,
    "q90": 0.6309045331134373
  },
  "search_interest": {
    "mean": 47.86123691576714,
    "std": 4.898555805454742,
    "min": 25.43014865810229,
    "max": 70.3187803294502,
    "q10": 42.81371844142364,
    "q50": 47.73774189569752,
    "q90": 53.52934091547699
  },
  "buzz_score": {
    "mean": 24.482697513035124,
    "std": 7.604888451294207,
    "min": 0.0,
    "max": 60.37862671309416,
    "q10": 16.87066393176398,
    "q50": 24.268300714392797,
    "q90": 33.22535821774469
  },
  "stock_status_score": {
    "mean": 0.9902006420545748,
    "std": 0.07276310389474616,
    "min": 0.45,
    "max": 1.0,
    "q10": 1.0,
    "q50": 1.0,
    "q90": 1.0
  },
  "listing_change_score": {
    "mean": 0.018619582664526485,
    "std": 0.13518811828544305,
    "min": 0.0,
    "max": 1.0,
    "q10": 0.0,
    "q50": 0.0,
    "q90": 0.0
  },
  "discount_pct": {
    "mean": 8.309320541488244,
    "std": 7.539222355178327,
    "min": 0.0,
    "max": 28.000000000000007,
    "q10": 0.0,
    "q50": 6.758038239414753,
    "q90": 19.279297427277843
  },
  "rank_proxy": {
    "mean": 264.1913322632424,
    "std": 100.78794398908374,
    "min": 1.0,
    "max": 676.0,
    "q10": 137.9000000000001,
    "q50": 262.0,
    "q90": 393.0
  },
  "bsr_category_rank": {
    "mean": 462.3895666131621,
    "std": 90.6766712708825,
    "min": 213.0,
    "max": 833.0,
    "q10": 365.0,
    "q50": 453.0,
    "q90": 549.0
  },
  "price_competitiveness_index": {
    "mean": 0.9740048612592693,
    "std": 0.059435249384413566,
    "min": 0.7810832712310138,
    "max": 1.166279889613954,
    "q10": 0.8960770723760193,
    "q50": 0.9743826471043964,
    "q90": 1.0525207693348542
  },
  "competitor_count": {
    "mean": 5.912359550561797,
    "std": 1.3647718026480724,
    "min": 2.0,
    "max": 10.0,
    "q10": 4.0,
    "q50": 6.0,
    "q90": 8.0
  },
  "reviews_7d_sum": {
    "mean": 34.33531300160514,
    "std": 10.218408992941624,
    "min": 2.0,
    "max": 78.0,
    "q10": 22.0,
    "q50": 34.0,
    "q90": 47.0
  },
  "search_7d_avg": {
    "mean": 47.891209183435215,
    "std": 3.3520075939486675,
    "min": 33.543126914593806,
    "max": 60.856332761849295,
    "q10": 43.791902134039894,
    "q50": 47.79712278477746,
    "q90": 52.17788328572557
  },
  "sentiment_7d_avg": {
    "mean": 0.6010005988050477,
    "std": 0.013680301250663518,
    "min": 0.5516200756147372,
    "max": 0.6484267513566111,
    "q10": 0.5830509339661338,
    "q50": 0.601794084168435,
    "q90": 0.618269238623815
  },
  "price_7d_avg": {
    "mean": 268.5091548038584,
    "std": 231.7716303131822,
    "min": 17.44930642826217,
    "max": 1063.1496726844769,
    "q10": 57.75101063177282,
    "q50": 193.9230202115339,
    "q90": 619.0400101197093
  },
  "new_reviews_lag_1": {
    "mean": 5.02808988764045,
    "std": 1.9744752771177028,
    "min": 0.0,
    "max": 13.0,
    "q10": 3.0,
    "q50": 5.0,
    "q90": 7.0
  },
  "new_reviews_lag_7": {
    "mean": 4.657463884430177,
    "std": 2.288510811713707,
    "min": 0.0,
    "max": 13.0,
    "q10": 1.0,
    "q50": 5.0,
    "q90": 7.0
  },
  "search_interest_lag_1": {
    "mean": 47.330285623270186,
    "std": 7.025063471372608,
    "min": 0.0,
    "max": 70.3187803294502,
    "q10": 42.504407305996565,
    "q50": 47.691884484907305,
    "q90": 53.52612730390481
  },
  "search_interest_lag_7": {
    "mean": 44.11804151036831,
    "std": 13.74634998015968,
    "min": 0.0,
    "max": 70.3187803294502,
    "q10": 35.95631034964652,
    "q50": 47.40894595571973,
    "q90": 53.356993080647754
  },
  "sentiment_mean_lag_1": {
    "mean": 0.5941659166997525,
    "std": 0.06772853395530445,
    "min": 0.0,
    "max": 0.6776006148331385,
    "q10": 0.5685463837634827,
    "q50": 0.6013588214365679,
    "q90": 0.6307936333353914
  },
  "sentiment_mean_lag_7": {
    "mean": 0.5537254106469068,
    "std": 0.16344421858965072,
    "min": 0.0,
    "max": 0.6770499927465496,
    "q10": 0.549535379761082,
    "q50": 0.5991458003678958,
    "q90": 0.6297550196609033
  },
  "price_new_lag_1": {
    "mean": 264.50270145867034,
    "std": 231.43591825932555,
    "min": 0.0,
    "max": 1063.1496726844769,
    "q10": 53.37052727791452,
    "q50": 186.0363690556016,
    "q90": 602.7287213419532
  },
  "price_new_lag_7": {
    "mean": 247.5108644655285,
    "std": 233.96736094451697,
    "min": 0.0,
    "max": 1063.1496726844769,
    "q10": 33.644652837776924,
    "q50": 175.86541482221628,
    "q90": 579.6438304793567
  },
  "avg_rating_lag_1": {
    "mean": 4.185981492486471,
    "std": 0.5191741444610654,
    "min": 0.0,
    "max": 4.805203966150175,
    "q10": 3.836755867496499,
    "q50": 4.236920547485085,
    "q90": 4.594089292061545
  },
  "avg_rating_lag_7": {
    "mean": 3.9010128464842384,
    "std": 1.168081660508051,
    "min": 0.0,
    "max": 4.805203966150175,
    "q10": 3.7670053152781575,
    "q50": 4.218500960909836,
    "q90": 4.588494758117875
  },
  "buzz_score_lag_1": {
    "mean": 24.21681890825349,
    "std": 8.021296356987609,
    "min": 0.0,
    "max": 60.37862671309416,
    "q10": 16.268035672136964,
    "q50": 24.200414359402096,
    "q90": 33.21423769497426
  },
  "buzz_score_lag_7": {
    "mean": 22.600884421164917,
    "std": 9.928471519115552,
    "min": 0.0,
    "max": 60.37862671309416,
    "q10": 5.444885041926663,
    "q50": 23.67971318975918,
    "q90": 32.99716454133605
  },
  "new_reviews_7d_sum": {
    "mean": 34.33531300160514,
    "std": 10.218408992941624,
    "min": 2.0,
    "max": 78.0,
    "q10": 22.0,
    "q50": 34.0,
    "q90": 47.0
  },
  "new_reviews_7d_mean": {
    "mean": 5.085474661774822,
    "std": 1.310171605789873,
    "min": 1.2857142857142858,
    "max": 11.142857142857142,
    "q10": 3.564285714285721,
    "q50": 5.0,
    "q90": 6.714285714285714
  },
  "search_interest_7d_mean": {
    "mean": 47.891209183435215,
    "std": 3.3520075939486675,
    "min": 33.543126914593806,
    "max": 60.856332761849295,
    "q10": 43.791902134039894,
    "q50": 47.79712278477746,
    "q90": 52.17788328572557
  },
  "sentiment_mean_7d_mean": {
    "mean": 0.6010005988050477,
    "std": 0.013680301250663518,
    "min": 0.5516200756147372,
    "max": 0.6484267513566111,
    "q10": 0.5830509339661338,
    "q50": 0.601794084168435,
    "q90": 0.618269238623815
  },
  "price_new_7d_mean": {
    "mean": 268.5091548038584,
    "std": 231.7716303131822,
    "min": 17.44930642826217,
    "max": 1063.1496726844769,
    "q10": 57.75101063177282,
    "q50": 193.9230202115339,
    "q90": 619.0400101197093
  },
  "price_new_7d_std": {
    "mean": 2.14950747724845,
    "std": 4.504358405647697,
    "min": 0.0,
    "max": 69.23138693487137,
    "q10": 0.0,
    "q50": 0.3053425037768978,
    "q90": 6.154761582192919
  },
  "buzz_score_7d_mean": {
    "mean": 24.48829748467767,
    "std": 4.954950871449197,
    "min": 4.393335689665806,
    "max": 43.07304928777036,
    "q10": 18.493494208948096,
    "q50": 24.291867199173957,
    "q90": 31.022729737941727
  },
  "avg_rating_7d_mean": {
    "mean": 4.233974464797602,
    "std": 0.2658830318755911,
    "min": 3.665901146240014,
    "max": 4.795739501207318,
    "q10": 3.84670898391253,
    "q50": 4.240602492193462,
    "q90": 4.595646068544589
  },
  "new_reviews_change": {
    "mean": -0.0044943820224719105,
    "std": 1.8711021627554818,
    "min": -7.0,
    "max": 7.0,
    "q10": -2.0,
    "q50": 0.0,