{
  "new_reviews": {
    "min": 0.0,
    "q10": 3.0,
    "q50": 5.0,
    "q90": 7.0,
    "max": 13.0
  },
  "avg_rating": {
    "min": 3.679779231392749,
    "q10": 3.851319036303066,
    "q50": 4.238965848620535,
    "q90": 4.593512902155527,
    "max": 4.805203966150175
  },
  "sentiment_mean": {
    "min": 0.4916762136650627,
    "q10": 0.5708795527949244,
    "q50": 0.6017692299670832,
    "q90": 0.6309645571214099,
    "max": 0.6770499927465496
  },
  "search_interest": {
    "min": 25.43014865810229,
    "q10": 42.607775685973714,
    "q50": 47.67532231836919,
    "q90": 53.775271994178546,
    "max": 70.3187803294502
  },
  "buzz_score": {
    "min": 0.0,
    "q10": 16.729036318980615,
    "q50": 24.305365025926225,
    "q90": 33.70871887835808,
    "max": 60.37862671309416
  },
  "stock_status_score": {
    "min": 0.45,
    "q10": 1.0,
    "q50": 1.0,
    "q90": 1.0,
    "max": 1.0
  },
  "listing_change_score": {
    "min": 0.0,
    "q10": 0.0,
    "q50": 0.0,
    "q90": 0.0,
    "max": 1.0
  },
  "discount_pct": {
    "min": 0.0,
    "q10": 0.0,
    "q50": 4.6798616829514055,
    "q90": 16.907816748505294,
    "max": 28.000000000000007
  },
  "rank_proxy": {
    "min": 1.0,
    "q10": 141.0,
    "q50": 265.0,
    "q90": 397.0,
    "max": 676.0
  },
  "bsr_category_rank": {
    "min": 213.0,
    "q10": 367.0,
    "q50": 461.0,
    "q90": 557.0,
    "max": 833.0
  },
  "price_competitiveness_index": {
    "min": 0.7810832712310138,
    "q10": 0.8955625366845241,
    "q50": 0.9745870808242931,
    "q90": 1.052819740376633,
    "max": 1.166279889613954
  },
  "competitor_count": {
    "min": 2.0,
    "q10": 4.0,
    "q50": 6.0,
    "q90": 8.0,
    "max": 10.0
  },
  "reviews_7d_sum": {
    "min": 2.0,
    "q10": 21.0,
    "q50": 33.0,
    "q90": 46.0,
    "max": 71.0
  },
  "search_7d_avg": {
    "min": 33.543126914593806,
    "q10": 43.37561028986509,
    "q50": 47.749161124770794,
    "q90": 52.313433684243826,
    "max": 60.64345142629505
  },
  "sentiment_7d_avg": {
    "min": 0.5550125605280091,
    "q10": 0.5831995893098106,
    "q50": 0.6018495260088805,
    "q90": 0.6184962924902692,
    "max": 0.6484267513566111
  },
  "price_7d_avg": {
    "min": 0.0,
    "q10": 0.0,
    "q50": 0.0,
    "q90": 0.0,
    "max": 0.0
  },
  "new_reviews_lag_1": {
    "min": 0.0,
    "q10": 3.0,
    "q50": 5.0,
    "q90": 7.0,
    "max": 13.0
  },
  "new_reviews_lag_7": {
    "min": 0.0,
    "q10": 0.0,
    "q50": 5.0,
    "q90": 7.0,
    "max": 13.0
  },
  "search_interest_lag_1": {
    "min": 0.0,
    "q10": 42.220904584343195,
    "q50": 47.60333798795685,
    "q90": 53.757214362464495,
    "max": 70.3187803294502
  },
  "search_interest_lag_7": {
    "min": 0.0,
    "q10": 22.88713379229293,
    "q50": 47.097379106368294,
    "q90": 53.231564412155485,
    "max": 70.3187803294502
  },
  "sentiment_mean_lag_1": {
    "min": 0.0,
    "q10": 0.5680702894448693,
    "q50": 0.6014556529548664,
    "q90": 0.6308890946301846,
    "max": 0.6770499927465496
  },
  "sentiment_mean_lag_7": {
    "min": 0.0,
    "q10": 0.4425085922985732,
    "q50": 0.5982842334289515,
    "q90": 0.6298289358045416,
    "max": 0.6770499927465496
  },
  "price_new_lag_1": {
    "min": 0.0,
    "q10": 0.0,
    "q50": 0.0,
    "q90": 0.0,
    "max": 0.0
  },
  "price_new_lag_7": {
    "min": 0.0,
    "q10": 0.0,
    "q50": 0.0,
    "q90": 0.0,
    "max": 0.0
  },
  "avg_rating_lag_1": {
    "min": 0.0,
    "q10": 3.8385148140895256,
    "q50": 4.234644827614068,
    "q90": 4.592105071964852,
    "max": 4.805203966150175
  },
  "avg_rating_lag_7": {
    "min": 0.0,
    "q10": 3.3118013082535995,
    "q50": 4.2098287808638535,
    "q90": 4.5832576080043435,
    "max": 4.805203966150175
  },
  "buzz_score_lag_1": {
    "min": 0.0,
    "q10": 15.698286174973347,
    "q50": 24.149259251379956,
    "q90": 33.587643952989616,
    "max": 60.37862671309416
  },
  "buzz_score_lag_7": {
    "min": 0.0,
    "q10": 0.0,
    "q50": 23.424903300406346,
    "q90": 32.65976816569149,
    "max": 60.37862671309416
  },
  "new_reviews_7d_sum": {
    "min": 2.0,
    "q10": 21.0,
    "q50": 33.0,
    "q90": 46.0,
    "max": 71.0
  },
  "new_reviews_7d_mean": {
    "min": 1.2857142857142858,
    "q10": 3.4285714285714284,
    "q50": 4.857142857142857,
    "q90": 6.714285714285714,
    "max": 10.142857142857142
  },
  "search_interest_7d_mean": {
    "min": 33.543126914593806,
    "q10": 43.37561028986509,
    "q50": 47.749161124770794,
    "q90": 52.313433684243826,
    "max": 60.64345142629505
  },
  "sentiment_mean_7d_mean": {
    "min": 0.5550125605280091,
    "q10": 0.5831995893098106,
    "q50": 0.6018495260088805,
    "q90": 0.6184962924902692,
    "max": 0.6484267513566111
  },
  "price_new_7d_mean": {
    "min": 0.0,
    "q10": 0.0,
    "q50": 0.0,
    "q90": 0.0,
    "max": 0.0
  },
  "price_new_7d_std": {
    "min": 0.0,
    "q10": 0.0,
    "q50": 0.0,
    "q90": 0.0,
    "max": 0.0
  },
  "buzz_score_7d_mean": {
    "min": 4.393335689665806,
    "q10": 18.12283867708782,
    "q50": 24.267719832194857,
    "q90": 31.146600751789485,
    "max": 43.07304928777036
  },
  "avg_rating_7d_mean": {
    "min": 3.6867100232191943,
    "q10": 3.8535944144454586,
    "q50": 4.2409261200844135,
    "q90": 4.592177327680281,
    "max": 4.795739501207318
  },
  "new_reviews_change": {
    "min": -7.0,
    "q10": -2.0,
    "q50": 0.0,
    "q90": 2.0,
    "max": 7.0
  },
  "new_reviews_momentum": {
    "min": -8.0,
    "q10": -3.0,
    "q50": 0.0,
    "q90": 3.0,
    "max": 11.0
  },
  "search_interest_change": {
    "min": -20.130424525410383,
    "q10": -5.093457796654535,
    "q50": 0.0,
    "q90": 5.15577052763392,
    "max": 14.838721081209833
  },
  "search_interest_momentum": {
    "min": -28.79581734475034,
    "q10": -7.1846394688691255,
    "q50": 0.0,
    "q90": 7.35071786630982,
    "max": 23.766732118059636
  },
  "sentiment_mean_change": {
    "min": -0.09994460382319093,
    "q10": -0.038284390383049795,
    "q50": 0.0,
    "q90": 0.0378212338419622,
    "max": 0.11277968906553076
  },
  "sentiment_mean_momentum": {
    "min": -0.1253453168711104,
    "q10": -0.03808149141319762,
    "q50": 0.0,
    "q90": 0.03866531169167607,
    "max": 0.12129935319640839
  },
  "price_new_change": {
    "min": 0.0,
    "q10": 0.0,
    "q50": 0.0,
    "q90": 0.0,
    "max": 0.0
  },
  "price_new_momentum": {
    "min": 0.0,
    "q10": 0.0,
    "q50": 0.0,
    "q90": 0.0,
    "max": 0.0
  },
  "avg_rating_change": {
    "min": -0.027549069613436394,
    "q10": -0.010245316074257183,
    "q50": -6.652560719344613e-05,
    "q90": 0.009912008240209066,
    "max": 0.026440792215816522
  },
  "avg_rating_momentum": {
    "min": -0.04932775727092853,
    "q10": -0.01807677911038068,
    "q50": 0.0,
    "q90": 0.016936215763610422,
    "max": 0.050759604032163175
  },
  "buzz_score_change": {
    "min": -30.278465917613516,
    "q10": -8.413880773878892,
    "q50": 0.0,
    "q90": 8.525994770208033,
    "max": 24.42858687995752
  },
  "buzz_score_momentum": {
    "min": -40.30286353000383,
    "q10": -11.516340860617335,
    "q50": 0.0,
    "q90": 12.01306903965268,
    "max": 47.01554580055441
  },
  "day_of_week_num": {
    "min": 0.0,
    "q10": 0.0,
    "q50": 3.0,
    "q90": 6.0,
    "max": 6.0
  },
  "month_num": {
    "min": 1.0,
    "q10": 1.0,
    "q50": 2.0,
    "q90": 3.0,
    "max": 3.0
  },
  "health_index": {
    "min": 7.309593695948616,
    "q10": 12.389914734785599,
    "q50": 13.860804774512971,
    "q90": 17.077340917248854,
    "max": 27.047656815629956
  },
  "ad_index": {
    "min": 0.0,
    "q10": 3.374692754350033,